"keyword_slug","facet","label","definition","parent_slug","aliases","programmer_context","content_editor_context","zotonic_evidence","wikidata_id","wikidata_label","priority","source_url"
"tutorial","information_type","Tutorial","A learning-oriented document that guides a newcomer through a complete experience.","","learning guide|lesson","Use for material whose main goal is acquiring a Zotonic skill by following along.","Use for guided first experiences such as creating a page or building a menu.","documentation and cookbook structure","","","core","https://diataxis.fr/tutorials/"
"how_to_guide","information_type","How-to guide","A goal-oriented document that gives practical steps for a specific outcome.","","task guide|procedure","Use when the reader already understands the context and needs an actionable procedure.","Use for focused tasks such as translating a page or scheduling publication.","documentation and cookbook structure","","","core","https://diataxis.fr/how-to-guides/"
"reference","information_type","Reference","An information-oriented description of an API component option syntax or behavior.","","technical reference|lookup","Use for exhaustive factual descriptions of modules APIs models filters and configuration.","Use for lookup material about fields settings buttons and available options.","module docs for actions controllers filters models modules scomps and validators","","","core","https://diataxis.fr/reference/"
"explanation","information_type","Explanation","An understanding-oriented document that explains concepts reasons architecture or trade-offs.","","concept|background","Use for architecture design rationale and conceptual relationships.","Use for background that explains how Zotonic organizes and publishes content.","architecture and developer guide documentation","","","core","https://diataxis.fr/explanation/"
"cookbook_recipe","information_type","Cookbook recipe","A compact reusable solution that combines several Zotonic features for a recognizable situation.","how_to_guide","recipe|example","Use for copyable patterns that cross API or component boundaries.","Use for practical content and site recipes with a visible result.","cookbook documentation","","","core","https://docs.oasis-open.org/dita/v1.2/os/spec/archSpec/dita_technicalContent_InformationTypes.html"
"troubleshooting","information_type","Troubleshooting","A diagnostic document organized around symptoms causes checks and remedies.","how_to_guide","diagnosis|problem solving","Use for failures error messages unexpected state and recovery procedures.","Use for resolving publishing media email login or administration problems.","logging development and status module docs","","","core","https://diataxis.fr/how-to-guides/"
"migration_guide","information_type","Migration guide","A document for moving data configuration or code between versions systems or formats.","how_to_guide","upgrade guide|porting guide","Use for schema code API and deployment migrations.","Use for importing existing content or adapting editorial workflows after an upgrade.","mod_import mod_import_wordpress and site update docs","","","supporting","https://docs.oasis-open.org/dita/v1.2/os/spec/archSpec/dita_technicalContent_InformationTypes.html"
"release_notes","information_type","Release notes","A version-specific record of changes compatibility concerns fixes and upgrade actions.","reference","changelog|version notes","Use for tracking changed APIs behavior dependencies and migration requirements.","Use for changes to the administration interface features and content behavior.","release and upgrade documentation","","","supporting","https://docs.oasis-open.org/dita/v1.2/os/spec/archSpec/dita_technicalContent_InformationTypes.html"
"content_editor","audience","Content editor","A person who creates organizes reviews and publishes site content.","","editor|author|publisher","Signals that code detail should support rather than dominate the explanation.","Primary audience for pages media menus categories translations and publication workflows.","mod_admin mod_menu mod_translation mod_media_exif","","","core","https://github.com/zotonic/zotonic/tree/master/apps"
"site_administrator","audience","Site administrator","A person who configures a Zotonic site users permissions modules and operational settings.","","administrator|site manager","Signals configuration and operational consequences without requiring implementation detail.","Primary audience for users access rules modules email and site settings.","mod_admin_config mod_admin_modules mod_admin_identity mod_admin_stats","","","core","https://github.com/zotonic/zotonic/tree/master/apps"
"frontend_developer","audience","Frontend developer","A programmer who builds templates browser behavior styles and user-facing interactions.","","template developer|web designer","Primary audience for templates filters scomps actions wires and JavaScript integration.","Relevant when explaining how presentation choices affect editing and rendered content.","zotonic_mod_base zotonic_mod_wires zotonic_mod_bootstrap","","","core","https://github.com/zotonic/zotonic/tree/master/apps"
"backend_developer","audience","Backend developer","A programmer who builds Erlang modules models controllers notifications and data behavior.","","Erlang developer|module developer","Primary audience for server-side APIs OTP behavior database access and extension points.","Relevant when server behavior determines fields permissions workflows or integrations.","zotonic_core zotonic_notifier and model module docs","","","core","https://github.com/zotonic/zotonic/tree/master/apps"
"integrator","audience","Integrator","A developer or technical implementer connecting Zotonic to external services protocols and data sources.","","API developer|solution integrator","Primary audience for APIs OAuth MQTT email import export and webhooks.","Relevant when content arrives from or is published to another system.","mod_oauth2 mod_mqtt mod_import mod_export","","","core","https://github.com/zotonic/zotonic/tree/master/apps"
"operator","audience","Operator","A person responsible for deploying observing maintaining backing up and recovering Zotonic systems.","","system administrator|DevOps|SRE","Primary audience for runtime configuration logs storage TLS queues and scheduled work.","Relevant when infrastructure affects availability delivery or editorial continuity.","zotonic_launcher mod_backup mod_logging mod_ssl_ca","","","core","https://github.com/zotonic/zotonic/tree/master/apps"
"content_management","domain","Content management","Creating organizing maintaining and delivering structured digital content.","","CMS|web content management","Umbrella for resource APIs content models lifecycle and delivery.","Umbrella for authoring organizing and publishing site material.","mod_admin zotonic_core resource models","","","core","https://github.com/zotonic/zotonic/tree/master/apps"
"content_modeling","domain","Content modeling","Defining content types properties relationships and constraints.","content_management","information architecture|schema design","Covers categories predicates resources properties and validation rules.","Covers deciding which fields content types and relationships editors use.","m_rsc m_category m_predicate mod_admin_category mod_admin_predicate","Q1172480","data model","core","https://www.wikidata.org/wiki/Q1172480"
"metadata","domain","Metadata","Structured descriptive administrative or technical information about content and media.","content_modeling","properties|descriptive data","Covers resource properties media metadata indexing and machine-readable descriptions.","Covers titles summaries dates attribution language and information used for search or sharing.","m_rsc mod_media_exif mod_seo","Q180160","metadata","core","https://www.wikidata.org/wiki/Q180160"
"content_authoring","domain","Content authoring","Creating and editing content and its properties through an interface or API.","content_management","editing|writing","Covers edit controllers form handling validation and resource updates.","Covers writing updating previewing and saving pages.","mod_admin controller_admin_edit m_rsc_update","","","core","https://github.com/zotonic/zotonic/tree/master/apps/zotonic_mod_admin"
"editorial_workflow","domain","Editorial workflow","Coordinating content states review responsibility and publication decisions.","content_management","review workflow|approval workflow","Covers workflow state permissions notifications and scheduled transitions.","Covers draft review approval publication and collaboration.","mod_admin mod_content_groups mod_acl_user_groups","","","core","https://github.com/zotonic/zotonic/tree/master/apps/zotonic_mod_admin"
"publishing","domain","Publishing","Making content visible available and addressable to its intended audience.","content_management","publication|go live","Covers publication state dates ACL visibility cache invalidation and URLs.","Covers publishing unpublishing scheduling and checking visibility.","m_rsc mod_admin controller_page","","","core","https://github.com/zotonic/zotonic/tree/master/apps/zotonic_core"
"categorization","domain","Categorization","Classifying resources with a hierarchy of content categories.","content_modeling","taxonomy|content type","Covers category trees category APIs and category-dependent behavior.","Covers assigning content types and organizing categories.","m_category mod_admin_category","","","core","https://github.com/zotonic/zotonic/tree/master/apps/zotonic_mod_admin_category"
"content_relationships","domain","Content relationships","Connecting resources with typed semantic relationships.","content_modeling","relations|linked content","Covers predicates edges graph traversal and relationship constraints.","Covers linking people pages media organizations and other content.","m_edge m_predicate mod_admin_predicate","","","core","https://github.com/zotonic/zotonic/tree/master/apps/zotonic_mod_admin_predicate"
"navigation","domain","Navigation","Organizing links and content into menus and navigational structures.","content_management","menu|site navigation","Covers menu models rendering edit actions and hierarchy manipulation.","Covers building and maintaining site menus.","mod_menu m_menu scomp_menu_menu","","","core","https://github.com/zotonic/zotonic/tree/master/apps/zotonic_mod_menu"
"media_management","domain","Media management","Managing files and media resources throughout their lifecycle.","content_management","digital assets|asset management","Covers media identification storage metadata previews replacement and deletion.","Covers uploading organizing previewing replacing and reusing media.","zotonic_mod_base m_media mod_fileuploader","Q1076968","digital media","core","https://www.wikidata.org/wiki/Q1076968"
"image_management","domain","Image management","Importing editing transforming and rendering image media.","media_management","image processing|image editing","Covers image identification filters previews crops and mediaclasses.","Covers upload crop focal point preview and image reuse.","mod_image_edit z_media_preview filters for image URLs","Q327008","image processing","core","https://www.wikidata.org/wiki/Q327008"
"audio_management","domain","Audio management","Importing identifying storing and presenting audio media.","media_management","sound|audio processing","Covers audio MIME handling metadata preview and playback integration.","Covers uploading describing and publishing audio.","mod_audio m_media","","","supporting","https://github.com/zotonic/zotonic/tree/master/apps/zotonic_mod_audio"
"video_management","domain","Video management","Importing embedding transcoding previewing and presenting video media.","media_management","video processing|video embedding","Covers video services embed metadata previews and media integration.","Covers embedding uploading previewing and publishing video.","mod_video mod_video_embed","","","core","https://github.com/zotonic/zotonic/tree/master/apps/zotonic_mod_video"
"file_uploads","domain","File uploads","Receiving validating and attaching files supplied by users or external clients.","media_management","uploader|attachment upload","Covers upload controllers chunking progress MIME checks and media insertion.","Covers adding documents images and other files to content.","mod_fileuploader controller_fileuploader","","","core","https://github.com/zotonic/zotonic/tree/master/apps/zotonic_mod_fileuploader"
"file_storage","domain","File storage","Persisting media previews archives and other managed files locally or remotely.","media_management","filestore|object storage","Covers storage services file cache remote locations migration and retrieval.","Covers where uploaded media and generated previews are retained and recovered.","mod_filestore m_filestore filestore_uploader","","","core","https://github.com/zotonic/zotonic/tree/master/apps/zotonic_mod_filestore"
"forms","domain","Forms","Collecting validating and processing structured user input.","content_management","form handling|input","Covers form controls validators postbacks and server-side handling.","Covers constructing forms and understanding required or invalid fields.","zotonic_mod_base zotonic_mod_wires validator docs","","","core","https://github.com/zotonic/zotonic/tree/master/apps/zotonic_mod_base"
"user_interface_and_interaction","domain","User interface and interaction","Presenting information and supporting actions in public pages and administration screens.","content_management","UI|interaction design|admin interface","Covers component composition browser events feedback state and interaction patterns.","Covers how content controls forms previews and navigation appear and respond.","mod_admin mod_bootstrap mod_wires","Q135707","user interface design","core","https://www.wikidata.org/wiki/Q135707"
"surveys","domain","Surveys","Designing collecting and reporting questionnaire responses.","forms","questionnaire|poll","Covers survey blocks answer storage editing submission and export.","Covers building questionnaires and reviewing responses.","mod_survey","Q747810","questionnaire","core","https://www.wikidata.org/wiki/Q747810"
"comments_and_community","domain","Comments and community","Supporting visitor contributions discussions moderation and community interaction.","content_management","comments|user-generated content","Covers comment storage moderation notifications and access rules.","Covers enabling reviewing moderating and removing comments.","mod_comments","","","supporting","https://github.com/zotonic/zotonic/tree/master/apps/zotonic_mod_comments"
"search_and_discovery","domain","Search and discovery","Finding and ranking resources by text properties relations or facets.","content_management","search|information retrieval","Covers search models query terms result ranking and presentation.","Covers helping visitors and editors find relevant content.","zotonic_mod_search m_search search_query","Q816826","information retrieval","core","https://www.wikidata.org/wiki/Q816826"
"search_engine_optimization","domain","Search engine optimization","Improving how public content is described indexed and presented by search engines.","search_and_discovery","SEO|discoverability","Covers metadata canonical URLs robots directives structured data and sitemaps.","Covers titles descriptions social previews visibility and public reach.","mod_seo mod_sitemap","Q180711","search engine optimization","core","https://www.wikidata.org/wiki/Q180711"
"localization_and_translation","domain","Localization and translation","Adapting interfaces and content for languages locales and regional conventions.","content_management","internationalization|i18n|l10n|translation","Covers translations language negotiation locale formats and translatable values.","Covers translating pages choosing languages and maintaining localized content.","mod_translation mod_l10n translation filters","Q1758815","software localization","core","https://www.wikidata.org/wiki/Q1758815"
"identity_and_accounts","domain","Identity and accounts","Managing users login identities account data and account lifecycle.","","user management|accounts","Covers identity records user resources password flows and account linking.","Covers creating users changing account details and resolving duplicate identities.","mod_admin_identity mod_authentication m_identity","","","core","https://github.com/zotonic/zotonic/tree/master/apps/zotonic_mod_authentication"
"authentication","domain","Authentication","Verifying the identity of a user client or service.","identity_and_accounts","login|sign-in","Covers credentials sessions authentication methods and login flows.","Covers signing in password recovery and secure account access.","mod_authentication mod_auth2fa","Q212108","authentication","core","https://www.wikidata.org/wiki/Q212108"
"two_factor_authentication","domain","Two-factor authentication","Authenticating with two different classes of evidence.","authentication","2FA|MFA|TOTP","Covers enrollment challenge recovery and policy enforcement.","Covers enabling and using an additional sign-in factor.","mod_auth2fa","","","supporting","https://github.com/zotonic/zotonic/tree/master/apps/zotonic_mod_auth2fa"
"authorization_and_access_control","domain","Authorization and access control","Determining which users may view change or administer resources and operations.","identity_and_accounts","authorization|ACL|permissions","Covers ACL checks rules roles content groups and protected endpoints.","Covers who may see edit publish delete or administer content.","zotonic_mod_acl_user_groups mod_admin_group m_acl","Q228502","access control","core","https://www.wikidata.org/wiki/Q228502"
"privacy_and_consent","domain","Privacy and consent","Handling personal data tracking choices and consent-dependent behavior.","identity_and_accounts","data protection|cookie consent","Covers consent state conditional scripts retention and privacy-aware integrations.","Covers explaining and honoring visitor choices about cookies and personal data.","mod_cookie_consent","Q188728","privacy","core","https://www.wikidata.org/wiki/Q188728"
"email","domain","Email","Creating receiving relaying and managing electronic mail.","","electronic mail|mail","Covers message composition addresses transport callbacks and templates.","Covers notifications contact forms newsletters and delivery problems.","zotonic_mod_email_status zotonic_mod_email_relay mod_email_receive","Q9158","email","core","https://www.wikidata.org/wiki/Q9158"
"email_delivery","domain","Email delivery","Sending queuing relaying and tracking outgoing email.","email","outbound email|SMTP delivery","Covers queues SMTP relay retries bounce state and delivery reporting.","Covers whether notifications and campaigns reach recipients.","zotonic_mod_email_status zotonic_mod_email_relay zotonic_listen_smtp","","","core","https://github.com/zotonic/zotonic/tree/master/apps/zotonic_mod_email_status"
"email_receiving","domain","Email receiving","Accepting parsing and routing incoming email.","email","inbound email|mailbox","Covers SMTP listeners recipient routing MIME parsing and notifications.","Covers workflows where incoming mail creates or updates content.","mod_email_receive zotonic_listen_smtp","","","supporting","https://github.com/zotonic/zotonic/tree/master/apps/zotonic_mod_email_receive"
"mailing_lists","domain","Mailing lists","Managing recipients subscriptions campaigns and bulk email delivery.","email","newsletter|campaign email","Covers recipient sets subscriptions scheduling and mailing status.","Covers newsletters recipient lists subscriptions and campaign results.","mod_mailinglist","","","core","https://github.com/zotonic/zotonic/tree/master/apps/zotonic_mod_mailinglist"
"messaging_and_pubsub","domain","Messaging and publish-subscribe","Exchanging asynchronous messages between clients services and Zotonic components.","","event messaging|pubsub|broker","Covers topics subscriptions routing retained messages and request-response patterns.","Explains live updates notifications and interactions that happen without a page reload.","zotonic_mod_mqtt zotonic_listen_mqtt zotonic_notifier","","","core","https://github.com/zotonic/zotonic/tree/master/apps/zotonic_mod_mqtt"
"api_and_integration","domain","API and integration","Exposing or consuming structured interfaces between Zotonic and other systems.","","web API|service integration","Covers endpoints payloads authentication serialization callbacks and client contracts.","Covers importing content connecting services and publishing content elsewhere.","zotonic_mod_base_api mod_oauth2 mod_mqtt","Q557770","web API","core","https://www.wikidata.org/wiki/Q557770"
"import_and_migration","domain","Import and migration","Bringing content media identities or configuration into Zotonic and reconciling it with existing data.","api_and_integration","data import|content migration","Covers parsing mapping deduplication transactions and repeatable imports.","Covers moving existing site material into Zotonic and checking the result.","mod_import mod_import_csv mod_import_wordpress","Q59154760","data import","core","https://www.wikidata.org/wiki/Q59154760"
"export_and_syndication","domain","Export and syndication","Publishing structured content or data for reuse outside Zotonic.","api_and_integration","data export|feed|syndication","Covers serialization feeds archives schemas and incremental delivery.","Covers downloading data and distributing content to other channels.","mod_export mod_export mod_sitemap","","","core","https://github.com/zotonic/zotonic/tree/master/apps/zotonic_mod_export"
"backup_and_restore","domain","Backup and restore","Preserving and recovering site data media and configuration.","","backup|recovery","Covers snapshots archives retention remote storage and restore procedures.","Covers protecting editorial work and recovering deleted or damaged site data.","mod_backup","Q194274","backup","core","https://www.wikidata.org/wiki/Q194274"
"configuration","domain","Configuration","Defining site module runtime and service settings.","","settings|preferences","Covers configuration lookup defaults validation secrets and environment overrides.","Covers site behavior module options and administration settings.","mod_admin_config m_config zotonic_config","","","core","https://github.com/zotonic/zotonic/tree/master/apps/zotonic_mod_admin_config"
"module_management","domain","Module management","Installing activating configuring upgrading and removing Zotonic modules.","configuration","extension management|plugin management","Covers dependencies module lifecycle schemas observers and configuration.","Covers enabling site features and understanding module dependencies.","mod_admin_modules zotonic_apps","","","core","https://github.com/zotonic/zotonic/tree/master/apps/zotonic_mod_admin_modules"
"site_management","domain","Site management","Creating configuring updating starting and stopping Zotonic sites.","configuration","site lifecycle|deployment","Covers site scaffolding status host configuration upgrades and lifecycle commands.","Covers site-wide settings health updates and availability.","zotonic_site_management mod_site_update zotonic_site_status","","","core","https://github.com/zotonic/zotonic/tree/master/apps/zotonic_site_management"
"scheduled_and_background_work","domain","Scheduled and background work","Running deferred periodic queued or long-running work outside a request.","site_management","cron|jobs|tasks|queue","Covers scheduling workers retries supervision progress and cancellation.","Covers scheduled publishing mailings backups and maintenance tasks.","mod_cron zotonic_core task queue modules","","","core","https://github.com/zotonic/zotonic/tree/master/apps/zotonic_mod_cron"
"logging_and_monitoring","domain","Logging and monitoring","Recording and observing events errors state health and performance.","site_management","observability|telemetry|status","Covers structured logs metrics status models event streams and alert integration.","Covers checking site health delivery status and causes of failures.","mod_logging mod_syslog mod_server_storage mod_admin_stats","","","core","https://github.com/zotonic/zotonic/tree/master/apps/zotonic_mod_logging"
"routing_and_redirects","domain","Routing and redirects","Mapping incoming URLs to controllers resources or redirect destinations.","site_management","URL routing|dispatch|redirect","Covers dispatch matching URL generation canonicalization and redirect rules.","Covers page addresses moved content aliases and visitor navigation.","zotonic_mod_base mod_custom_redirect mod_admin_frontend","","","core","https://github.com/zotonic/zotonic/tree/master/apps/zotonic_mod_custom_redirect"
"geolocation","domain","Geolocation","Resolving or attaching geographic location information to requests and resources.","api_and_integration","location|GeoIP|coordinates","Covers IP lookup geographic properties map data and location-aware behavior.","Covers location fields maps and geographically targeted content.","mod_geoip m_rsc_gone location filters","","","supporting","https://github.com/zotonic/zotonic/tree/master/apps/zotonic_mod_geoip"
"malware_scanning","domain","Malware scanning","Checking uploaded or stored files for malicious content.","file_uploads","virus scanning|ClamAV","Covers scanner integration quarantine errors and upload acceptance policy.","Explains why a file may be rejected or held for safety.","mod_clamav","","","specialized","https://github.com/zotonic/zotonic/tree/master/apps/zotonic_mod_clamav"
"copyright_and_licensing","domain","Copyright and licensing","Recording rights licenses creators and permitted reuse of content and media.","content_management","rights management|attribution","Covers rights metadata license vocabulary and display integration.","Covers choosing licenses adding attribution and understanding reuse conditions.","mod_copyright","","","supporting","https://github.com/zotonic/zotonic/tree/master/apps/zotonic_mod_copyright"
"data_processing_and_formatting","domain","Data processing and formatting","Transforming parsing formatting comparing and serializing values independently of a specific content domain.","","value processing|data formatting|data conversion","Covers template filters validators encoders decoders type conversion and presentation formatting.","Covers how text dates numbers lists and structured values are cleaned converted and displayed.","template filters validators JSON helpers and model APIs","","","core","https://github.com/zotonic/zotonic/tree/master/apps/zotonic_mod_base/src/filters"
"development_and_debugging","domain","Development and debugging","Building inspecting testing and diagnosing Zotonic applications and modules.","","developer tools|debugging|testing","Covers development mode tracing reload test support and diagnostic output.","Relevant when preview behavior or site errors require technical investigation.","mod_development zotonic_testsandbox zotonic_filewatcher","","","core","https://github.com/zotonic/zotonic/tree/master/apps/zotonic_mod_development"
"resource","architecture","Resource","The central Zotonic entity that represents content users media categories and other addressable objects.","","rsc|content item","Covers resource identifiers properties lifecycle APIs and graph participation.","A shared content item such as a page person image event or category.","m_rsc m_rsc_update controller_page","","","core","https://github.com/zotonic/zotonic/tree/master/apps/zotonic_core"
"category","architecture","Category","A hierarchical resource type that defines what a resource represents and which behavior applies.","resource","content type|taxonomy node","Covers category membership trees schema behavior and category-specific templates.","The type of a content item such as article event person or image.","m_category mod_admin_category","","","core","https://github.com/zotonic/zotonic/tree/master/apps/zotonic_core"
"predicate","architecture","Predicate","A resource that defines the meaning and allowed endpoints of a relationship.","resource","relationship type","Covers predicate validation edge semantics and graph queries.","The named kind of link between two content items such as author or depiction.","m_predicate mod_admin_predicate","","","core","https://github.com/zotonic/zotonic/tree/master/apps/zotonic_mod_admin_predicate"
"edge","architecture","Edge","A stored directed relationship between a subject resource and an object resource using a predicate.","resource","relation|connection","Covers graph writes ordering traversal ACL and notifications.","A concrete link from one content item to another.","m_edge mod_admin_predicate","","","core","https://github.com/zotonic/zotonic/tree/master/apps/zotonic_core"
"content_group","architecture","Content group","A resource used to group content for ownership workflow or access-control purposes.","resource","workspace|collection","Covers grouping hierarchy ACL boundaries and administrative organization.","A collection that helps organize responsibility and visibility for content.","mod_content_groups mod_acl_user_groups","","","core","https://github.com/zotonic/zotonic/tree/master/apps/zotonic_mod_content_groups"
"media_resource","architecture","Media resource","A resource associated with an uploaded generated or externally referenced medium.","resource","medium|media item","Covers medium records MIME metadata previews and download behavior.","An image document audio clip video or embedded item managed as content.","m_media mod_video_embed mod_fileuploader","","","core","https://github.com/zotonic/zotonic/tree/master/apps/zotonic_core"
"template","architecture","Template","A server-side template_compiler document that renders data into HTML text email or another representation.","","view|presentation template","Covers inheritance includes expressions tags escaping and rendering context.","Controls how content and interface elements appear.","zotonic_template_compiler zotonic_mod_base","Q351507","template processor","core","https://www.wikidata.org/wiki/Q351507"
"template_filter","architecture","Template filter","A named transformation applied to a value inside a template expression.","template","filter|pipe","Covers type conversion formatting escaping lookup and list operations.","Supports presentation choices such as date formatting image URLs and text cleanup.","186 filter module docs","","","core","https://github.com/zotonic/zotonic/tree/master/apps/zotonic_mod_base"
"template_validator","architecture","Template validator","A named validation component attached to a form field from a Zotonic template.","template","validator|form validator","Covers browser validation server-side checks arguments error handling and submitted values.","Defines which values a form accepts and how validation problems are shown.","validator modules in zotonic_mod_base authentication and admin","","","core","https://github.com/zotonic/zotonic/tree/master/apps/zotonic_mod_base/src/validators"
"scomp","architecture","Server component","A reusable server-rendered template component invoked with a Zotonic template tag.","template","scomp|server-side component","Covers component arguments caching variation rendering and dependencies.","A reusable page block such as a menu media item or pager.","28 scomp module docs","","","core","https://github.com/zotonic/zotonic/tree/master/apps/zotonic_mod_base"
"wire_action","architecture","Wire action","A server-defined browser action or event binding connected through Zotonic wires.","template","action|wire|postback","Covers event binding postbacks action composition and browser updates.","Explains interactive controls that update the page or submit work without manual navigation.","94 action module docs in zotonic_mod_wires and related apps","","","core","https://github.com/zotonic/zotonic/tree/master/apps/zotonic_mod_wires"
"model","architecture","Model","A namespaced interface for retrieving or changing data from Erlang templates MQTT or APIs.","","m_model|data model API","Covers model paths ACL serialization and operation callbacks.","Provides structured data used by templates forms and administration screens.","76 model module docs","","","core","https://github.com/zotonic/zotonic/tree/master/apps"
"controller","architecture","Controller","A request handler that maps web requests to responses and coordinates authorization rendering or data transfer.","","HTTP handler|request controller","Covers dispatch integration request parsing ACL content negotiation and response headers.","Determines what a page URL form endpoint download or feed does.","50 controller module docs","","","core","https://github.com/zotonic/zotonic/tree/master/apps/zotonic_core"
"notification","architecture","Notification","A typed event or request exchanged between decoupled Zotonic components through the notifier.","","observer event|notifier message","Covers observe callbacks first-map-fold delivery and cross-module contracts.","Explains automatic reactions such as updating search data sending email or validating content.","zotonic_notifier notification records across apps","","","core","https://github.com/zotonic/zotonic/tree/master/apps/zotonic_notifier"
"dispatch_rule","architecture","Dispatch rule","A route declaration that matches a URL pattern and selects a controller with arguments.","controller","route|dispatch","Covers host routing path variables priorities options and reverse URL generation.","Defines the public or administrative address of a page or operation.","dispatch files and zotonic_mod_base controllers","Q42253","URL","core","https://www.wikidata.org/wiki/Q42253"
"pivot_index","architecture","Pivot and search index","The normalized indexed representation of resource properties used for querying sorting and full-text search.","resource","pivot|index","Covers pivot tasks custom pivots full-text vectors and query performance.","Determines when edited content becomes searchable and how it can be filtered or sorted.","zotonic_mod_search m_rsc pivot modules","","","core","https://github.com/zotonic/zotonic/tree/master/apps/zotonic_mod_search"
"cache","architecture","Cache","A temporary store of computed rendered or fetched results with dependency-based invalidation.","","memoization|result cache","Covers cache keys expiry dependencies variation and invalidation.","Explains when page or media changes appear and why cached output may persist.","z_depcache filezcache scomp cache options","Q165596","cache","core","https://www.wikidata.org/wiki/Q165596"
"database","architecture","Database","The persistent structured data store used for resources relations identities configuration and operational records.","","SQL store|persistence","Covers transactions queries schema migrations constraints and connection handling.","Underlies saved content settings users relationships and form submissions.","z_db PostgreSQL schemas throughout apps","Q8513","database","core","https://www.wikidata.org/wiki/Q8513"
"file_store","architecture","File store","The local or remote storage abstraction for managed file content.","","filestore backend|object store","Covers service locations cache copies upload state deletion and move-to-local operations.","Underlies durable storage and retrieval of uploaded media and backups.","mod_filestore m_filestore filestore_uploader","","","core","https://github.com/zotonic/zotonic/tree/master/apps/zotonic_mod_filestore"
"background_task","architecture","Background task","A supervised queued scheduled or asynchronous unit of server work.","","job|worker|task","Covers task identity retries progress process ownership and failure handling.","Underlies scheduled publishing bulk mail import backup and maintenance work.","zotonic_core task modules mod_cron","","","core","https://github.com/zotonic/zotonic/tree/master/apps/zotonic_core"
"site","architecture","Site","An independently configured Zotonic application with its own host content modules templates and database schema.","","website|tenant","Covers site contexts hosts supervision configuration and application boundaries.","The website and editorial environment being managed.","zotonic_site_status zotonic_site_management","","","core","https://github.com/zotonic/zotonic/tree/master/apps/zotonic_site_management"
"module","architecture","Module","An OTP application or site component that adds Zotonic behavior templates data and configuration.","site","extension|feature module","Covers module lifecycle dependencies observers schemas services and dispatch rules.","A feature package that administrators can enable or configure for a site.","68 mod_* module docs and zotonic_apps","","","core","https://github.com/zotonic/zotonic/tree/master/apps"
"configure","task","Configure","Set options policies credentials or environment values that determine behavior.","","set up|settings","Covers configuration APIs defaults validation and deployment overrides.","Covers choosing site module workflow email and privacy settings.","mod_admin_config m_config","","","core","https://github.com/zotonic/zotonic/tree/master/apps/zotonic_mod_admin_config"
"create","task","Create","Add a new resource relation account module object or configuration record.","","add|insert","Covers constructors insert APIs defaults validation and authorization.","Covers adding pages media users menu items and categories.","m_rsc_update m_edge mod_admin","","","core","https://github.com/zotonic/zotonic/tree/master/apps/zotonic_core"
"edit","task","Edit","Change existing content configuration code or relationships.","","update|modify","Covers update APIs change tracking validation transactions and cache invalidation.","Covers revising text properties media menus links and settings.","m_rsc_update mod_admin","","","core","https://github.com/zotonic/zotonic/tree/master/apps/zotonic_mod_admin"
"publish","task","Publish","Change availability so content or a message becomes visible or is delivered.","","release|make public","Covers publication flags dates ACL cache and delivery effects.","Covers publishing pages scheduling publication and sending mailings.","m_rsc mod_admin mod_mailinglist","","","core","https://github.com/zotonic/zotonic/tree/master/apps"
"validate","task","Validate","Check input state or content against required rules before accepting it.","","verify|check","Covers validators schema constraints MIME checks ACL and error reporting.","Covers required fields acceptable files and resolving form errors.","17 validator module docs m_rsc_update","","","core","https://github.com/zotonic/zotonic/tree/master/apps/zotonic_mod_base"
"render","task","Render","Produce presentation output from a template component media or data value.","","display|format","Covers render contexts escaping templates scomps filters and response formats.","Covers how stored content appears on pages in email and in previews.","template compiler scomp and filter docs","","","core","https://github.com/zotonic/zotonic/tree/master/apps/zotonic_mod_base"
"format","task","Format","Produce a human-readable textual presentation of a value.","render","display value|presentation format","Covers date number duration file-size and localized value formatting.","Covers how dates numbers sizes and other values are presented to readers.","date number duration and file-size template filters","","","core","https://github.com/zotonic/zotonic/tree/master/apps/zotonic_mod_base/src/filters"
"query","task","Query","Retrieve select filter sort or aggregate data.","","search|lookup|fetch","Covers model paths search terms SQL graph traversal and pagination.","Covers finding content filtering lists and producing reports.","m_search m_rsc m_edge z_db","","","core","https://github.com/zotonic/zotonic/tree/master/apps/zotonic_mod_search"
"index","task","Index","Normalize and store data structures that make resources searchable or quickly retrievable.","","pivot|reindex","Covers pivot queues full-text fields cache indexes and rebuilds.","Covers making newly edited or migrated content discoverable.","zotonic_mod_search pivot tasks","","","core","https://github.com/zotonic/zotonic/tree/master/apps/zotonic_mod_search"
"upload","task","Upload","Transfer a file from a user or client into Zotonic.","","attach|send file","Covers multipart and chunked transport progress validation and storage handoff.","Covers adding images videos documents and other media.","mod_fileuploader mod_filestore","","","core","https://github.com/zotonic/zotonic/tree/master/apps/zotonic_mod_fileuploader"
"transform","task","Transform","Convert reshape enrich resize or derive one representation from another.","","convert|process|derive","Covers filters media previews import mapping serialization and text conversion.","Covers cropping images formatting text and adapting imported content.","image preview filters import modules","","","core","https://github.com/zotonic/zotonic/tree/master/apps"
"parse","task","Parse","Interpret textual or encoded input as a typed or structured value.","transform","decode|read format","Covers parsing JSON URLs numbers identifiers and external payloads with explicit error handling.","Covers turning entered or imported text into values the site can use.","from_json parse_url and conversion filters","","","supporting","https://github.com/zotonic/zotonic/tree/master/apps/zotonic_mod_base/src/filters"
"serialize","task","Serialize","Encode a value into a transferable or storable textual representation.","transform","encode|write format","Covers JSON encoding escaped output exports and stable representation of structured values.","Covers preparing content data for download exchange or use by another system.","to_json escapejson resource export and API output","","","supporting","https://github.com/zotonic/zotonic/tree/master/apps/zotonic_mod_base/src/filters"
"compare","task","Compare","Test equality ordering membership or another relationship between values.","","test|match|order","Covers equality date ordering membership range and pattern comparisons.","Covers conditions that decide whether content or values match a requested rule.","before after eq_day match member min and max filters","","","supporting","https://github.com/zotonic/zotonic/tree/master/apps/zotonic_mod_base/src/filters"
"import","task","Import","Read external data or media and create or update Zotonic entities.","","ingest|load","Covers source parsing mapping identity matching deduplication and transactions.","Covers bringing pages media users or survey data into a site.","mod_import mod_import_csv mod_import_wordpress","Q59154760","data import","core","https://www.wikidata.org/wiki/Q59154760"
"export","task","Export","Encode Zotonic data or media for download transfer backup or publication elsewhere.","","extract|download|syndicate","Covers formats schemas streaming pagination and authorization.","Covers downloading content responses or reports for reuse.","mod_export mod_survey mod_backup","","","core","https://github.com/zotonic/zotonic/tree/master/apps/zotonic_mod_export"
"authenticate","task","Authenticate","Prove an identity using credentials tokens or additional factors.","","sign in|log in","Covers challenge verification sessions token handling and failure policy.","Covers logging in recovering access and using two-factor authentication.","mod_authentication mod_auth2fa mod_oauth2","Q212108","authentication","core","https://www.wikidata.org/wiki/Q212108"
"authorize","task","Authorize","Decide whether an authenticated or anonymous actor may perform an operation.","","check permission|ACL check","Covers ACL callbacks roles content groups policies and denial responses.","Covers deciding who can view edit publish delete or administer content.","m_acl mod_acl_user_groups","Q788590","authorization","core","https://www.wikidata.org/wiki/Q788590"
"send_and_receive","task","Send and receive","Exchange messages requests files or email with another actor or system.","","transmit|deliver|accept","Covers transport protocols payload handling callbacks retries and delivery state.","Covers contact messages notifications inbound email and external data exchange.","email MQTT HTTP and uploader modules","","","supporting","https://github.com/zotonic/zotonic/tree/master/apps"
"publish_and_subscribe","task","Publish and subscribe","Send messages to named topics and receive messages matching subscriptions.","send_and_receive","pubsub|topic messaging","Covers MQTT topics ACL retained state routing and request-response conventions.","Explains live notifications and automatic interface updates.","zotonic_mod_mqtt zotonic_listen_mqtt","","","core","https://github.com/zotonic/zotonic/tree/master/apps/zotonic_mod_mqtt"
"schedule","task","Schedule","Arrange for work or a state change to happen at a chosen time or interval.","","defer|cron|periodic","Covers timers cron expressions task queues and scheduled resource dates.","Covers scheduled publication mailings backups and recurring maintenance.","mod_cron mod_mailinglist mod_backup","","","core","https://github.com/zotonic/zotonic/tree/master/apps/zotonic_mod_cron"
"monitor","task","Monitor","Observe status behavior progress errors or health over time.","","inspect|observe|track","Covers logs metrics status models events and task progress.","Covers checking delivery site health activity and failures.","mod_logging mod_admin_stats mod_email_status","","","core","https://github.com/zotonic/zotonic/tree/master/apps/zotonic_mod_logging"
"migrate","task","Migrate","Move data code files or configuration to a new schema version system or location.","","upgrade|move|port","Covers repeatability compatibility conflict handling and rollback considerations.","Covers moving an existing site or library of content while preserving meaning.","mod_import mod_filestore mod_site_update","","","supporting","https://github.com/zotonic/zotonic/tree/master/apps"
"text","data_type","Text","Human-readable textual data independent of its Erlang string or binary representation.","","string|characters|plain text","Covers trimming case conversion truncation escaping replacement and textual presentation.","Covers titles summaries labels body text and other written values.","trim truncate lower upper replace and escape filters","","","core","https://github.com/zotonic/zotonic/tree/master/apps/zotonic_mod_base/src/filters"
"number","data_type","Number","A numeric value used for counting measuring calculating ordering or presentation.","","integer|float|numeric value","Covers arithmetic rounding ranges aggregation and localized number formatting.","Covers quantities prices counts percentages and other numerical fields.","round floor sum range and format_number filters","","","core","https://github.com/zotonic/zotonic/tree/master/apps/zotonic_mod_base/src/filters"
"boolean","data_type","Boolean","A true-or-false value used for conditions state and decisions.","","truth value|flag|yes or no","Covers predicates conditional filters feature flags and validation results.","Covers settings and conditions that are enabled disabled accepted or rejected.","is_defined is_visible if and yesno filters","","","core","https://github.com/zotonic/zotonic/tree/master/apps/zotonic_mod_base/src/filters"
"date_and_time","data_type","Date and time","A calendar date clock time or combined timestamp.","","datetime|timestamp|calendar value","Covers timezone conversion date arithmetic comparison publication dates and localized display.","Covers publication schedules event dates timestamps and date presentation.","date add_day before in_future and utc filters","","","core","https://github.com/zotonic/zotonic/tree/master/apps/zotonic_mod_base/src/filters"
"duration","data_type","Duration","An elapsed or planned amount of time between instants or events.","date_and_time","time span|interval|elapsed time","Covers duration calculation relative time and human-readable interval formatting.","Covers lengths of time such as time since publication or an event duration.","datediff timesince date_range and format_duration filters","","","supporting","https://github.com/zotonic/zotonic/tree/master/apps/zotonic_mod_base/src/filters"
"collection","data_type","Collection","An ordered or grouped set of values processed as one value.","","list|sequence|set of values","Covers iteration grouping sorting slicing membership aggregation and list conversion.","Covers lists of pages menu entries search results choices and other repeated values.","first sort group_by slice member and make_list filters","","","core","https://github.com/zotonic/zotonic/tree/master/apps/zotonic_mod_base/src/filters"
"structured_data","data_type","Structured data","A value composed of named fields nested values collections or typed relationships.","","map|object|record|key-value data","Covers maps property lists records decoded payloads and model or API result structures.","Covers content properties imported records configuration and data exchanged with services.","JSON filters model results resource import and export","","","core","https://github.com/zotonic/zotonic/tree/master/apps"
"identifier","data_type","Identifier","A stable name code or key used to distinguish and refer to an entity or concept.","","name|slug|key|code","Covers resource names category names slugs external identifiers and normalization.","Covers stable page names content identifiers language codes and imported keys.","to_name slugify resource identifiers and content-type filters","","","supporting","https://github.com/zotonic/zotonic/tree/master/apps/zotonic_core"
"url","data_type","URL","A textual address that identifies a page resource endpoint or external location.","identifier","URI|web address|link","Covers parsing encoding normalization generation validation and absolute or relative forms.","Covers page links media addresses redirects and external service locations.","url url_abs parse_url urlencode and dispatch filters","Q42253","URL","core","https://www.wikidata.org/wiki/Q42253"
"language_code","data_type","Language code","A standardized identifier for a natural language or locale.","identifier","locale code|ISO language code","Covers language selection direction negotiation sorting and URL language handling.","Covers selecting translations and determining how localized content is displayed.","language language_dir is_rtl and trans_languages filters","","","supporting","https://github.com/zotonic/zotonic/tree/master/apps/zotonic_mod_translation"
"translated_text","data_type","Translated text","A text value containing alternatives for multiple languages.","text","translatable string|multilingual text","Covers translation lookup fallback filled-language checks and language-specific values.","Covers titles summaries and body text maintained in more than one language.","translation translated_texts and trans_filter_filled filters","","","core","https://github.com/zotonic/zotonic/tree/master/apps/zotonic_mod_translation"
"erlang_otp","technology","Erlang/OTP","The programming language runtime libraries and design principles used by Zotonic server applications.","","Erlang|OTP|BEAM","Covers modules processes supervision applications pattern matching and concurrency.","Relevant when technical behavior or operations depend on concurrent server processes.","all Zotonic Erlang applications","","","core","https://www.erlang.org/doc/system/design_principles.html"
"postgresql","technology","PostgreSQL","The relational database management system used for persistent Zotonic site data.","","Postgres|SQL","Covers schemas queries transactions indexes constraints and migrations.","Stores content users settings relations forms and operational records.","z_db and Zotonic site schemas","Q192490","PostgreSQL","core","https://www.wikidata.org/wiki/Q192490"
"html","technology","HTML","The markup language used for rendered web pages email and template output.","","HyperText Markup Language","Covers elements attributes escaping semantics and response rendering.","Defines the structure of public pages administration screens and rich content.","templates controllers and HTML filters","Q8811","HTML","core","https://www.wikidata.org/wiki/Q8811"
"javascript","technology","JavaScript","The browser programming language used for client behavior and integration.","","JS|ECMAScript","Covers event handlers Cotonic workers DOM behavior and client APIs.","Drives interactive editing controls previews and live page updates.","zotonic_mod_wires zotonic_mod_base browser assets","Q2005","JavaScript","core","https://www.wikidata.org/wiki/Q2005"
"json","technology","JSON","A text format for structured data exchange.","","JavaScript Object Notation","Covers encoding decoding API payloads model results and configuration values.","Appears in imported exported or integrated content data.","API MQTT and template filter docs","Q2063","JSON","core","https://www.wikidata.org/wiki/Q2063"
"xml","technology","XML","A markup format used by some imports exports feeds and external services.","","Extensible Markup Language","Covers parsing serialization namespaces validation and conversion.","Appears in feeds imported documents and service integrations.","import export and filter docs","Q2115","XML","supporting","https://www.wikidata.org/wiki/Q2115"
"http","technology","HTTP","The application protocol used for web requests responses APIs and downloads.","","HTTPS|web protocol","Covers methods headers status codes content negotiation caching and security.","Underlies every page form link API request and media download.","zotonic_listen_http controller docs","Q8777","Hypertext Transfer Protocol","core","https://www.wikidata.org/wiki/Q8777"
"mqtt","technology","MQTT","A topic-based messaging protocol used by Zotonic for browser and service communication.","","MQTT broker|topic protocol","Covers topic syntax QoS ACL subscriptions payloads and retained messages.","Underlies live interface updates notifications and asynchronous actions.","zotonic_mod_mqtt zotonic_listen_mqtt","Q10322548","MQTT","core","https://www.wikidata.org/wiki/Q10322548"
"semantic_web","technology","Semantic Web","Web standards and practices that give published data explicit machine-readable meaning.","","semantic data|knowledge graph","Covers stable identifiers vocabularies graph semantics and interoperable descriptions.","Explains how categories properties and relationships preserve meaning beyond one page or site.","resource model predicates edges RDF and JSON-LD documentation","Q54837","Semantic Web","core","https://www.wikidata.org/wiki/Q54837"
"rdf_and_linked_data","technology","RDF and Linked Data","Standards for representing resources and typed relationships as a semantic graph.","semantic_web","RDF|Linked Data","Covers triples identifiers vocabularies graph export and semantic interoperability.","Provides a shared meaning for content types metadata and relationships.","m_rsc m_edge mod_export","Q54872","Resource Description Framework","core","https://www.wikidata.org/wiki/Q54872"
"json_ld","technology","JSON-LD","A JSON syntax for serializing Linked Data.","rdf_and_linked_data","JSON Linked Data","Covers contexts identifiers types predicates and structured-data output.","Supports machine-readable page metadata and content exchange.","semantic data and export documentation","Q6108942","JSON-LD","supporting","https://www.wikidata.org/wiki/Q6108942"
"oauth_2_0","technology","OAuth 2.0","An authorization framework for delegated access to HTTP services.","","OAuth2|bearer token","Covers clients grants redirects scopes tokens and protected APIs.","Relevant when a site connects accounts or permits external applications to act.","mod_oauth2 mod_oauth2_facebook mod_oauth2_microsoft","Q97371579","OAuth 2","core","https://www.wikidata.org/wiki/Q97371579"
"tls_and_certificates","technology","TLS and certificates","Protocols and credentials used to authenticate endpoints and encrypt network transport.","","TLS|SSL|HTTPS certificate","Covers certificate issuance renewal trust verification and listener configuration.","Protects logins administration pages forms APIs and visitor traffic.","mod_ssl_ca zotonic_listen_http","","","core","https://github.com/zotonic/zotonic/tree/master/apps/zotonic_mod_ssl_ca"
"dkim","technology","DKIM","An email authentication mechanism that signs outgoing messages for domain verification.","","DomainKeys Identified Mail","Covers key selection canonicalization signing DNS publication and verification.","Helps newsletters and notifications reach recipients with trustworthy domain identity.","mod_email_dkim","Q2605645","DomainKeys Identified Mail","supporting","https://www.wikidata.org/wiki/Q2605645"
"oembed","technology","oEmbed","A protocol for discovering and retrieving embeddable representations of external URLs.","","embedded media|embed provider","Covers provider discovery requests caching sanitization and media creation.","Supports adding external videos posts and other embeddable content by URL.","mod_oembed mod_video_embed","","","supporting","https://oembed.com/"
"security","quality","Security","Protection of systems content identities and communications against unauthorized action or harm.","","information security|cybersecurity","Apply to threat boundaries input validation secrets cryptography ACL and secure defaults.","Apply when guidance affects account safety content integrity or trusted administration.","authentication ACL ClamAV OAuth TLS and security headers","","","core","https://github.com/zotonic/zotonic/tree/master/apps"
"privacy","quality","Privacy","Responsible handling and disclosure of personal or sensitive information.","","data protection|confidentiality","Apply to collection storage logs access retention consent and third-party sharing.","Apply when content workflows involve visitor choices identities or personal data.","mod_cookie_consent identity logging and access-control docs","Q188728","privacy","core","https://www.wikidata.org/wiki/Q188728"
"accessibility","quality","Accessibility","Design and implementation that lets people with varied abilities perceive operate and understand content and interfaces.","","a11y|inclusive design","Apply to semantic HTML keyboard behavior focus labels media alternatives and contrast.","Apply when authoring structure link text captions alternative text and understandable forms.","templates forms media and administration UI docs","","","core","https://www.w3.org/WAI/fundamentals/accessibility-intro/"
"performance","quality","Performance","Efficient use of time memory storage network and computation under expected load.","","speed|latency|throughput","Apply to caching queries rendering media processing queues and concurrency.","Apply when page speed search freshness uploads or bulk operations affect editorial work.","cache pivot database media and task documentation","","","core","https://github.com/zotonic/zotonic/tree/master/apps"
"reliability","quality","Reliability","Consistent correct operation in the presence of failures retries and changing load.","","resilience|fault tolerance|availability","Apply to supervision transactions idempotency queues recovery and operational state.","Apply when guidance protects saved work delivery continuity or predictable publishing.","OTP supervision backup email queues filestore and task docs","","","core","https://www.erlang.org/doc/system/design_principles.html"
"interoperability","quality","Interoperability","The ability to exchange data and behavior with other systems while preserving meaning.","","compatibility|open standards","Apply to APIs protocols formats identifiers vocabularies and versioning.","Apply when content is imported embedded syndicated or shared across services.","HTTP MQTT JSON RDF OAuth import export and oEmbed docs","","","core","https://github.com/zotonic/zotonic/tree/master/apps"
"maintainability","quality","Maintainability","Ease of understanding changing testing and operating a Zotonic implementation over time.","","code quality|operability","Apply to modular design documentation tests configuration observability and migrations.","Apply when a site structure or workflow should remain understandable and safe to change.","module architecture development testing configuration and logging docs","","","core","https://github.com/zotonic/zotonic/tree/master/apps"
